{
  "meta": {
    "episode_idx": 81,
    "step_idx": 115,
    "chunk_size": 64,
    "num_checkpoints": 5
  },
  "checkpoints": {
    "checkpoint-3000": {
      "mse": 0.023241691291332245,
      "mae": 0.09159672260284424,
      "rmse": 0.1524522602558136,
      "mse_right_arm": 0.01890505664050579,
      "mse_right_hand": 0.0383620522916317,
      "mse_left_arm": 0.03322930261492729,
      "mse_left_hand": 0.005295831244438887,
      "mse_per_joint": [
        0.005443956702947617,
        0.03203200176358223,
        0.003850237699225545,
        0.02846924029290676,
        0.0071608563885092735,
        0.03647404909133911,
        0.02320260740816593,
        0.037995535880327225,
        0.0009426685282960534,
        0.0006276012281887233,
        0.10921293497085571,
        0.003472598036751151,
        0.09387880563735962,
        0.00019574469479266554,
        0.030501142144203186,
        0.009394479915499687,
        5.697992310160771e-05,
        0.15086355805397034,
        0.09154380112886429,
        0.000654268660582602,
        0.0030836586374789476,
        0.049387376755476,
        0.011889695189893246,
        0.042817022651433945,
        0.02291843295097351,
        0.00118964200373739,
        1.833405804063659e-05,
        0.0002527636243030429,
        0.0035407000686973333,
        0.00014921469846740365,
        0.00044201110722497106,
        4.67146783194039e-05,
        0.00019529450219124556,
        4.015352169517428e-05,
        7.558218203485012e-05,
        0.034681133925914764
      ]
    },
    "checkpoint-6000": {
      "mse": 0.02585541643202305,
      "mae": 0.0688323974609375,
      "rmse": 0.16079619526863098,
      "mse_right_arm": 0.012812893837690353,
      "mse_right_hand": 0.0679999515414238,
      "mse_left_arm": 0.004145348910242319,
      "mse_left_hand": 0.00108718138653785,
      "mse_per_joint": [
        0.002552196616306901,
        0.002179114380851388,
        0.007764402776956558,
        0.03481844440102577,
        0.011006815358996391,
        0.01855638436973095,
        0.025981705635786057,
        0.01377760712057352,
        0.0001301328302361071,
        0.0005244511412456632,
        0.11375164985656738,
        0.052018508315086365,
        0.10862867534160614,
        0.031687721610069275,
        0.05237805098295212,
        0.06752928346395493,
        0.005788635928183794,
        0.3438029885292053,
        0.0029436976183205843,
        0.0008104310836642981,
        0.0003471436502877623,
        0.003044718410819769,
        0.01304441224783659,
        0.004681689199060202,
        0.007603142410516739,
        0.0016157060163095593,
        2.752517866611015e-05,
        0.0002464067074470222,
        0.002446870319545269,
        0.00010340508015360683,
        0.0005621585296466947,
        3.20901490340475e-05,
        1.1954110050282907e-05,
        7.792390533722937e-05,
        5.812688868900295e-06,
        0.000313181197270751
      ]
    },
    "checkpoint-9000": {
      "mse": 0.013235622085630894,
      "mae": 0.06110474094748497,
      "rmse": 0.1150461733341217,
      "mse_right_arm": 0.009792701341211796,
      "mse_right_hand": 0.03224795684218407,
      "mse_left_arm": 0.003441658103838563,
      "mse_left_hand": 0.000841731030959636,
      "mse_per_joint": [
        0.003751288168132305,
        0.0030407861340790987,
        0.0013023597421124578,
        0.02729547582566738,
        0.010590444318950176,
        0.012775852344930172,
        0.026714477688074112,
        0.0320475734770298,
        0.00012117294681956992,
        0.0008289514807984233,
        0.14378710091114044,
        0.0017965564038604498,
        0.10413815081119537,
        0.00040475180139765143,
        0.03756827488541603,
        0.0010073159355670214,
        4.980143057764508e-05,
        0.03851136192679405,
        0.008753770031034946,
        0.0011692801490426064,
        0.0018133438425138593,
        0.00508469482883811,
        0.0029836497269570827,
        0.0008452108595520258,
        0.003039353294298053,
        0.0013853703858330846,
        1.277862065762747e-05,
        0.0006407651235349476,
        0.00416166428476572,
        1.258367865375476e-05,
        0.0007291591609828174,
        2.8834612749051303e-05,
        3.4403983590891585e-05,
        1.4364909475261811e-05,
        1.5551462638541125e-05,
        2.5943612854462117e-05
      ]
    },
    "checkpoint-12000": {
      "mse": 0.015497530810534954,
      "mae": 0.05981441214680672,
      "rmse": 0.12448907643556595,
      "mse_right_arm": 0.02179601602256298,
      "mse_right_hand": 0.03371105715632439,
      "mse_left_arm": 0.0021409662440419197,
      "mse_left_hand": 0.0008130438509397209,
      "mse_per_joint": [
        0.002987220650538802,
        0.0059878225438296795,
        0.004782119300216436,
        0.06106752157211304,
        0.004548131488263607,
        0.05140327662229538,
        0.11174404621124268,
        0.05066485330462456,
        0.0031741620041429996,
        0.0005617928691208363,
        0.06841936707496643,
        0.0258527472615242,
        0.05071636661887169,
        0.0005306287785060704,
        0.022789323702454567,
        0.0012924708425998688,
        4.1798146412475035e-05,
        0.06874506175518036,
        0.002285140100866556,
        0.0011098114773631096,
        0.0003836686664726585,
        0.0022433858830481768,
        0.0036247882526367903,
        0.003199002705514431,
        0.005602375604212284,
        0.0007453942089341581,
        1.165653611678863e-05,
        0.000658575794659555,
        0.0018678087508305907,
        3.533484414219856e-05,
        0.0006015629624016583,
        2.161532211175654e-05,
        2.6869583962252364e-05,
        1.760230770742055e-05,
        7.122227543732151e-06,
        0.00016060878988355398
      ]
    },
    "checkpoint-14000": {
      "mse": 0.012566651217639446,
      "mae": 0.05505063757300377,
      "rmse": 0.11210107803344727,
      "mse_right_arm": 0.01585489511489868,
      "mse_right_hand": 0.02843564748764038,
      "mse_left_arm": 0.001134422025643289,
      "mse_left_hand": 0.0007696435204707086,
      "mse_per_joint": [
        0.0033681171480566263,
        0.0024218300823122263,
        0.004202320706099272,
        0.048158206045627594,
        0.006577023770660162,
        0.03040187433362007,
        0.019955605268478394,
        0.02514651045203209,
        8.875886123860255e-05,
        0.0017105721635743976,
        0.09998957812786102,
        0.0011042669648304582,
        0.07497793436050415,
        0.0001282393786823377,
        0.03035096637904644,
        0.0006769251194782555,
        0.00012145459186285734,
        0.08697696030139923,
        0.0030440285336226225,
        0.00016952119767665863,
        0.0002912812924478203,
        0.00215723505243659,
        0.0007425756193697453,
        0.00040189074934460223,
        0.0035715028643608093,
        0.000365644897101447,
        2.048281385214068e-05,
        0.0006245509721338749,
        0.0034538970794528723,
        4.0995844756253064e-05,
        0.0010210766922682524,
        1.638109279156197e-05,
        2.0263491023797542e-05,
        1.5298015568987466e-05,
        6.324840796878561e-06,
        7.930361607577652e-05
      ]
    }
  },
  "summary": {
    "best_checkpoint": "checkpoint-14000",
    "best_mse": 0.012566651217639446,
    "worst_checkpoint": "checkpoint-6000",
    "worst_mse": 0.02585541643202305,
    "improvement_ratio": 2.0574627229035007
  }
}